quote_id,quote_text,author,Date
C2ECFCB9-C464-21E0-46ED-CFD2-6ADDA27A5288,Do unto others as you would have them do unto you.,Jesus Christ,01/01
2005D7AF-F6CB-EF3D-6A72-EB8D-EE0A1C542316,"Veni, vidi, vici. I came, I saw, I conquered.",Julius Caesar,01/02
F69641C8-106E-77E2-6E96-74B0-629A0DD1F998,I know that I know nothing.,Socrates,01/03
AE6AA72B-6FDB-E7E4-A84A-5BDD-4B43BF5E0609,Cogito ergo sum. I think; therefore I am.,René Descartes,01/04
3B63BEA6-67D6-F0C3-D4DC-EBD2-07B2A10ADF0F,"To be, or not to be: that is the question.",William Shakespeare,01/05
BEF8AF15-D17E-92DB-A42B-58F3-F0E50D205196,With great power comes great responsibility.,Stan Lee,01/06
D1EDF667-A487-1F29-2CDE-8817-9F4BE1B6811B,You miss 100% of the shots you don’t take.,Wayne Gretzky,01/07
C13D987F-50F3-9D78-E074-2DD3-E209AF406AFA,Fortes Fortuna adiuvat,Fortune favors the bold.,01/08
24147783-8633-2B08-12A1-5566-49A334D98C47,Knowledge is power.,Sir Francis Bacon,01/09
E3C10E6F-807F-3D30-AE47-A8D8-8F71715D87C3,Be yourself; everyone else is already taken.,Anonymous,01/10
A50DE040-D7D1-41A2-98BB-E78D-7C8E03B8F944,"I’m selfish, impatient and a little insecure. I make mistakes, I am out of control and at times hard to handle",Anonymous,01/11
1600DB43-C754-0848-DC38-7E23-72150E7756A8,Two things are infinite: the universe and human stupidity; and I’m not sure about the universe.,Albert Einstein,01/12
2629AE65-4880-8DD2-9E33-94DB-15553DDC60AE,"So many books, so little time.",J. J. Wright,01/13
AD73B8F0-1395-7427-AB11-E09A-56579C95EEC9,A room without books is like a body without a soul.,Marcus Tullius Cicero,01/14
A893DB61-8A47-19CA-CC06-7993-D72BA218CD36,"Be who you are and say what you feel, because those who mind don’t matter, and those who matter don’t mind.",Anonymous,01/15
27154C39-1914-EEED-9207-F186-C138DC08E639,You know you’re in love when you can’t fall asleep because reality is finally better than your dreams.,Anonymous,01/16
1773D46B-C73D-516C-7C98-83E4-59162482F8E2,"You only live once, but if you work it right, once is enough.",Joe E. Lewis,01/17
93FDFFB8-B56B-49C2-BEE9-95C2-399700B81E66,Be the change you wish to see in the world.,Arleen Lorrance & Mahatma Gandhi,01/18
4C0D5F7A-E774-E633-3052-99CA-E461C6A65A72,"I know I have but the body of a weak and feeble woman, but I have the heart and stomach of a king, and of a king of England too.",Queen Elizabeth I,01/19
FAC10F57-9FA8-C6A9-657A-CF6A-C76662C9F356,"I have learned over the years that when one’s mind is made up, this diminishes fear; knowing what must be done does away with fear.",Rosa Parks,01/20
C4349B98-DBC7-69A6-DF94-0355-2CD0ED9075AD,"A great wind is blowing, and that gives you either imagination or a headache.",Catherine the Great,01/21
FE73A7C2-AE7D-4AA6-79C3-94B2-2B0491904E53,We realize the importance of our voices only when we are silenced.,Malala Yousafzai,01/22
81F99EEF-93A0-CEEE-C5D9-D7E3-15A7D08E972E,At this moment I am in a charming state of confusion; but it is that sort of confusion which is of a very bubble nature,Ada Lovelace,01/23
15BA688C-DF36-B817-B7DE-3EBD-80B0919D6C3F,I attribute my success to this: I never gave or took an excuse.,Florence Nightingale,01/24
00C6F1A1-106A-5CA6-6D4C-A145-D13E964789EE,"Feet, what do I need them for if I have wings to fly?",Frida Kahlo,01/25
96DCCFC1-7B2B-F4F1-61DD-D007-33C81101DB79,"It’s worth remembering that it is often the small steps, not the giant leaps, that bring about the most lasting change.",Queen Elizabeth II,01/26
EB366EC3-D33C-D92B-7222-D824-1DAC93D31F9D,"You look at science as some sort of demoralising invention of man, something apart from real life, and which must be cautiously guarded and kept separate from everyday existence",Rosalind Franklin,01/27
8C1825F1-1E9D-80F0-8C2D-B22F-36B59FB0D095,"You have heard that it was said, ‘An eye for an eye and a tooth for a tooth.’ But I say to you, Do not resist the one who is evil",Jesus Christ,01/28
9A4AB399-ACA7-8503-F045-B40E-8DB2552E55DB,My mercy encompasses all things.,Muhammad,01/29
B2CD51E2-5D06-7359-8F4A-C888-BF8CCC05EA9D,"However many holy words you read, however many you speak, what good will they do you if you do not act on upon them?",Buddha,01/30
2FE92D05-FCD5-9F43-A992-A18E-AF20C7762606,"Set thy heart upon thy work, but never on its reward. Work not for a reward, but never cease to do thy work.",Vyasa,01/31
BA6602D9-4655-63C9-7111-F029-8271324BDADF,A penny saved is better than a penny earned.,Martin Luther,02/01
75114B3E-78A6-7A2C-73D8-5C13-D2A9D5204BD5,"For God so loved the world that he gave his one and only Son, that whoever believes in him shall not perish but have eternal life.","John 3:16, The Holy Bible",02/02
A133141E-8972-FE13-F50D-B4C7-F1A0797F974C,My religion is very simple. My religion is kindness.,Dalai Lama XIV,02/03
A980DDA3-222A-4CDC-F539-90B4-B819C5CA8DEC,It does not matter how slowly you go as long as you do not stop.,Confucius,02/04
539F88AB-8172-DAE5-9645-7C62-D28E7CEE263D,"It is not how much we do, but how much love we put in the action that we do.",Mother Teresa,02/05
4904CA55-C1BE-1BD7-982D-BB69-0373C5765BD0,Make haste slowly.,Augustus,02/06
C1F1DC7E-289B-EAC7-E19D-0A01-0F018E969CD1,There is nothing impossible to him who will try.,Alexander the Great,02/07
D630F1FE-C97C-2992-28E1-3F58-30EB49B13B33,Never interrupt your enemy when he is making a mistake.,Napoleon Bonaparte,02/08
B598810F-E3E5-601A-C90E-43F3-0EB55400148B,Supreme excellence consists in breaking the enemy’s resistance without fighting,Sun Tzu,02/09
E4095956-E3BD-4A6E-F6A4-AF77-54A76771A41D,"I am the punishment of God. If you had not committed great sins, God would not have sent a punishment like me upon you.",Genghis Khan,02/10
2FD9EC16-D7C4-EF3B-0294-B78B-84B906AAA0F3,"I will either find a way, or make one.",Hannibal,02/11
F267AD03-75D3-0AFD-5E1C-1004-71B045A6909B,"Eat well, for tonight we dine in Hades.",King Leonidas of Sparta,02/12
8FC25086-7BDF-7D52-D2F1-590E-BCFEF16D536C,Then we will fight in the shade.,Dienekes of Sparta,02/13
043AFFCA-8DF2-CF21-6F6D-FF6F-9508C363489F,"If they do not comply with my wishes, we shall settle the difference with arms.",Attila the Hun,02/14
DC1DB9A8-C866-43E1-D2C2-5F08-15B89D8CE4B5,"Right action is better than knowledge; but in order to do what is right, we must know what is right.",Charlemagne,02/15
B241EE4C-031F-349F-14DE-BD8E-C8A72D33A443,Know thyself.,Aristotle,02/16
2DEDC931-28E1-931B-5AF8-103E-DFD63ED53DE3,The heaviest penalty for declining to rule is to be ruled by someone inferior to yourself.,Plato,02/17
4A72F048-9C03-AF63-EA26-5896-41DC277985BB,"We have two ears and one mouth, so we should listen more than we speak.",Zeno of Citium,02/18
22E4E1D3-FC01-703F-5D42-5BA5-FFABE6CA42DD,We suffer more often in imagination than in reality.,Seneca,02/19
F36C9C0E-0BFC-2119-7AB6-C8B3-46582A8C0E03,Men are disturbed not by things but by the principles and notions which they form concerning things.,Epictetus,02/20
8C278C68-8319-AF9B-B478-68A9-E51007B959DA,"He who is not satisfied with a little, is satisfied with nothing.",Epicurus,02/21
1316E4A1-8D62-2517-19FC-61DB-6AF0ED72CD66,You could not step twice into the same river.,Heraclitus,02/22
B1DC6D41-6702-E66E-26A5-375C-71A664691D33,I am a citizen of the world.,Diogenes,02/23
C7D47502-9727-CF37-59FD-219C-469A657FA2B5,The most difficult thing in life is to know yourself.,Thales,02/24
F5FE711A-B478-11C3-F9E0-BB12-CF27CB0D8F89,That which does not kill us makes us stronger.,Friedrich Nietzsche,02/25
FA273F1C-9072-969D-1E5B-8D8D-6601DE941899,Sapere aude,Immanuel Kant,02/26
FE22BB92-8080-AD70-C607-B661-1DCED4F53D94,"Man is born free, and everywhere he is in chains.",Jean-Jacques Rousseau,02/27
280ADEBC-432B-523A-46C4-2344-221DFF3F24DA,"Workers of the world, unite!",Karl Marx,02/28
61FE80E0-7C08-55E0-6F4B-7787-A95922C4BD5D,Life can only be understood backwards; but it must be lived forwards.,Søren Kierkegaard,02/29
BE6B0E85-F0D8-7654-8078-1E6E-87BD155C009A,"One ought to be both feared and loved, but as it is difficult for the two to go together, it is much safer to be feared than loved, if one of the two has to be wanting.",Niccolò Machiavelli,03/01
0C71D270-D4B4-05A2-B61D-4487-23BE3AD9AC6D,"Every man I meet is in some way my superior, and in that, I can learn of him.",Ralph Waldo Emerson,03/02
04E14D9D-61BD-40FA-3CC4-F00C-01DB303C66F2,All of humanity’s problems stem from man’s inability to sit quietly in a room alone.,Blaise Pascal,03/03
9BDB070C-5E62-926C-201A-FE98-D0C724ED292F,Common sense is not so common.,Voltaire,03/04
3BEC135A-CD51-F48D-9302-3311-65EF09F93AEE,"In the depths of winter, I finally learned that within me there lay an invincible summer.",Albert Camus,03/05
DF3B1D94-C6BD-937F-6752-0B1E-727B6719281A,"Bad men need nothing more to compass their ends, than that good men should look on and do nothing.",John Stuart Mill,03/06
B43E538F-D6E8-2416-4D2F-AFF7-A379FD0763C5,Talent hits a target no one else can hit,Arthur Schopenhauer,03/07
A1D319D6-7BC9-2073-3566-1802-2D3B87F96E95,The limits of my language mean the limits of my world.,Ludwig Wittgenstein,03/08
F88C3706-FB2A-C3CC-2517-D36A-B8DFC46954AE,Man is condemned to be free.,Jean-Paul Sartre,03/09
2DBA24A7-ADC1-9968-46FB-CBD3-D8D50157EB4B,Imagination is more important than knowledge,Albert Einstein,03/10
99176AD3-91C5-29B1-AC51-0472-E6ED7CBE3358,If I have seen further it is by standing on the shoulders of giants.,Isaac Newton,03/11
029141CB-6D83-8AC4-E021-667B-0B254932AC3C,"Give me a lever and a place to stand, and I will move the earth.",Archimedes,03/12
D02F144E-0179-ADA3-15A6-BFFE-7F8B98BDCEAB,"Nothing in life is to be feared, it is only to be understood",Marie Curie,03/13
C175694D-9854-400C-A3D1-75D4-A63D1A92B964,I have not failed,Thomas Edison,03/14
66379773-014A-FD93-22C7-CC43-F48FA839B2DB,"I do not feel obliged to believe that the same God who has endowed us with sense, reason, and intellect has intended us to forgo their use.",Galileo Galilei,03/15
2BAD3CFE-33DB-4286-AAC8-4A13-3D2AACBDC5FB,A man who dares to waste one hour of time has not discovered the value of life.,Charles Darwin,03/16
373CA2F4-CDB5-0D4A-D259-526A-770ECE2BB316,We are just an advanced breed of monkeys on a minor planet of a very average star,Stephen Hawking,03/17
FEF51EEC-FC93-410F-487A-BD0D-1F984D5012BB,The Sun resides at the centre of everything.,Nicolaus Copernicus,03/18
F02EA118-7CC4-C98F-8571-AF28-2140610FCE69,"Painting is poetry which is seen and not heard, and poetry is a painting which is heard but not seen.",Leonardo Da Vinci,03/19
9BE1C538-64AB-BA15-A9F1-C69E-4783180B1432,Beauty is the purgation of superfluities.,Michelangelo,03/20
38C5238B-6A40-1027-CD52-C75D-FE35AC35CEBF,I am always doing what I can’t do yet in order to learn how to do it.,Vincent van Gogh,03/21
FC6A5ABC-B168-E172-4101-01C9-BEBD34A947E0,"When there’s anything to steal, I steal.",Pablo Picasso,03/22
37A0A2D7-D541-A9F2-EFAF-3F17-7C116233C0B5,Don’t be afraid of perfection,Salvador Dalí,03/23
C210A80B-58C5-8D8C-CB72-A1F7-66055A455B33,"The further I get, the more I regret how little I know.",Claude Monet,03/24
BE90C9BB-5AFC-811F-D515-01A3-7CE3B39D0BB5,"From my rotting body, flowers shall grow and I am in them, and that is eternity.",Edvard Munch,03/25
68ADF15D-FAFC-DDE9-6438-E0F9-2CF8105A39E1,"They always say that time changes things, but you actually have to change them yourself.",Andy Warhol,03/26
9EB65777-8E3F-7CF1-1A3D-AD80-0AEE86746B91,When one is painting one does not think.,Raphael,03/27
F2593653-FB3E-0BF1-B284-15C6-9ED9764F8AC3,There are always flowers for those who want to see them.,Henri Matisse,03/28
361E14B0-24EA-7461-ABEC-1242-576C6BC2FC18,To thine own self be true.,William Shakespeare,03/29
2358D31E-EA3C-2029-D026-5A9B-D33E168487B7,"The drop hollows out the stone, not by force but by falling often.",Ovid,03/30
0E1EAC31-FCD6-D319-722B-DBD7-B992EE858AD7,In three words I can sum up everything I’ve learned about life: it goes on.,Robert Frost,03/31
4F034ACA-C12E-0E0C-4C32-E64A-4EF552716245,To live is the rarest thing in the world,Oscar Wilde,04/01
3312A78E-C467-CCDB-DB18-18F8-3F47C358A5B9,What you’re supposed to do when you don’t like a thing is change it,Maya Angelou,04/02
3F67E01A-56F6-7133-7423-A435-9714BAAAF9C4,"I became insane, with long intervals of horrible sanity.",Edgar Allan Poe,04/03
24222C38-EDD1-8C85-D22F-6236-5C0CD8A9C31F,I am no bird; and no net ensnares me: I am a free human being with an independent will.,Charlotte Brontë,04/04
E77711C8-A10F-C399-B727-4366-68AED3DCFBC5,"Resist much, obey little.",Walt Whitman,04/05
1C9FCEFB-38D9-0B7A-8886-3D22-9B794D997501,"Words are, of course, the most powerful drug used by mankind.",Rudyard Kipling,04/06
4A2098C1-27EA-D761-3EC7-BC5E-AD4BA66AB466,"To be nobody-but-yourself-in a world which is doing its best, night and day, to make you everybody else-means to fight the hardest battle which any human being can fight; and never stop fighting.",E.E. Cummings,04/07
EC5FD580-B2BE-7C10-C072-1439-BC0F1B7A0707,Shall I compare thee to a summer’s day?,William Shakespeare,04/08
D8D5D781-816D-C42B-755B-5A66-FFDEA9499AF5,"All hope abandon, ye who enter here.",Dante Alighieri,04/09
35BEAA51-E0BC-9A80-8D7E-1294-7FB56F146935,"I love you without knowing how, or when, or from where",Pablo Neruda,04/10
5C73EAF6-38E5-D590-1757-44A5-86F419FFE428,Do I contradict myself? Very well then I contradict myself,Walt Whitman,04/11
E71F4FC2-E8AA-5650-7C70-7CDB-891C38202BDF,"Look on my works, ye Mighty, and despair!",Percy Bysshe Shelley,04/12
4F59A130-D44E-D73C-991C-B931-7C90DC439B96,Here’s to the crazy ones,Rob Siltanen & Lee Clow,04/13
AC8A0FA4-BEB9-1A9D-F287-795E-45C8E4EA1BFA,I was obliged to be industrious,Johann Sebastian Bach,04/14
9D674C40-FBA8-C66C-A4EA-793F-07535012B812,Someone who is born a master always has the lowest standing among masters.,Richard Wagner,04/15
BDFFD779-3FF7-4E09-E4B9-D9AD-BCFDF1728BBE,"There is a season for everything, patience will reward you and reveal all answers to your questions.",Elvis Presley,04/16
76227EB0-75F4-9834-16CA-FDE8-FE85641ED901,Music is a higher revelation than all wisdom and philosophy.,Ludwig van Beethoven,04/17
1F1E5DBB-0842-F425-5985-98F0-F72F8E6AEA01,The beautiful thing about learning is that nobody can take it away from you.,B.B. King,04/18
8445BA0B-E667-D590-A3FD-0EF9-3499B397D36C,"A man is a success if he gets up in the morning and gets to bed at night, and in between he does what he wants to do.",Bob Dylan,04/19
F7C4C8A0-D180-96E3-2D0B-32D0-73132659512C,"Possessions make you rich? I don’t have that type of richness. My richness is life, forever.",Bob Marley,04/20
24962A46-C8DA-4ADD-75E6-957E-92FB62F187E4,"If you still have to ask [what jazz is], shame on you.",Louis Armstrong,04/21
AB6073D2-1468-319F-C613-6E1E-9F1B1D2F2130,My language is understood all over the world.,Joseph Haydn,04/22
ABC461BB-32D7-258B-7E1A-87F9-EF48F277F843,I can’t get no satisfaction.,"The Rolling Stones, (I Can’t Get No) Satisfaction",04/23
61945F53-C8BF-DE46-477A-E98C-881C349013B8,And I… will always love you.,"Dolly Parton, I Will Always Love You",04/24
95AC4036-0579-9B7F-7F41-7964-3ABB2A575C3A,"I’m starting with the man in the mirror, I’m asking him to change his ways; And no message could have been any clearer, If you wanna make the world a better place, Take a look at yourself, and then make a change!","Michael Jackson, Man in the Mirror",04/25
EFCC4F13-FA94-F700-670D-FDB9-14EADABD65FA,The truth is I’ve never fooled anyone,and fooling them.,04/26
29EB93E9-A1BC-16E8-7DCF-AF92-43E8F0B492FD,Dream as if you’ll live forever,James Dean,04/27
14C94EC6-F0DC-B1A3-FF72-0BBA-323889A31BF5,Imagination means nothing without doing.,Charlie Chaplin,04/28
FF291098-E0AA-354D-0DB5-C593-FD82B951216B,You’re only given one little spark of madness,Robin Williams,04/29
78A6D337-0A05-0DDA-5BC9-4FB6-471C87D89F6A,The great gift of human beings is that we have the power of empathy,Meryl Streep,04/30
07984C8E-C8C0-85F6-280A-4841-F395E2A4EACC,Do what you gotta do so you can do what you wanna do.,Denzel Washington,05/01
1CF4BDB6-D1A7-B664-8C87-4759-F4A8560893AD,Failure is a massive part of being able to be successful,Will Smith,05/02
62668009-44DF-2040-0C4C-8374-7B99DCB2FB22,"Love is the best, and you’re lucky to get it",Helena Bonham Carter,05/03
EEC7B113-188E-2BF2-A653-E811-1DFC8DB235AC,What happens after we die? I know the ones who love us will miss us.,Keanu Reeves,05/04
49919FCC-CDDF-30F1-8A06-6394-C9AD5AD9C7F4,May the Force be with you.,Han Solo (Harrison Ford) in Star Wars: Episode IV,05/05
4715DBEE-3A77-1909-0EE3-2043-719D145D3BDF,My mom always said life was like a box of chocolates,Forrest Gump (Tom Hanks) in Forrest Gump,05/06
9FBFF90D-AB87-EF5E-F71A-CB92-745405918A37,I’ll be back.,The Terminator (Arnold Schwarzenegger) in The Terminator,05/07
170A7106-F0F4-E4EC-EBA8-F33B-AE56AA5704BB,YOU,Gandalf (Ian McKellen) in The Lord of the Rings: The Fellowship of the Ring,05/08
DDBE5F3E-2F7B-F25D-1976-B184-7AC7DAA023F5,"Frankly, my dear, I don’t give a damn.",Rhett Butler (Clark Gable) in Gone With the Wind,05/09
5B3E01A3-8B76-FB4E-2C09-986B-D3C9053C2226,"Toto, I’ve a feeling we’re not in Kansas anymore.",Dorothy Gale (Judy Garland) in The Wizard of Oz,05/10
F328231B-CE9F-369E-C46E-F827-9B60EE59FA8D,To infinity and beyond!,Buzz Lightyear (Tim Allen) in Toy Story,05/11
EDE0D8A8-6B38-F129-8B1F-4F74-774D12BFE7AE,"They may take our lives, but they’ll never take our freedom!",William Wallace (Mel Gibson) in Braveheart,05/12
360D8400-E922-EB27-EACC-0D61-61ED2B8A36EB,Life finds a way.,Dr. Ian Malcolm (Jeff Goldblum) in Jurassic Park,05/13
24603BA4-3B39-93B4-062C-C265-661AA2C4181E,You can’t handle the truth!,Col. Nathan R. Jessup (Jack Nicholson) in A Few Good Men,05/14
FF4E6F7B-0D59-0E4C-FAEA-3E19-529AF06933E3,Show me the money!,Rod Tidwell (Cuba Gooding Jr.) in Jerry Maguire,05/15
3280BF98-CB36-5437-1A73-B7DC-4953331F9167,"Greed, for lack of a better word, is good.",Gordon Gekko (Michael Douglas) in Wall Street,05/16
D9747199-79A1-60D9-38E7-8BC8-C8B9818CFA0C,I’m the king of the world!,Jack Dawson (Leonardo DiCaprio) in Titanic,05/17
7EE6515D-67F2-A34A-00CD-BE17-B737960CDDE3,"Magic Mirror on the wall, who is the fairest one of all?",The Evil Queen (Lucille La Verne) in Snow White and the Seven Dwarfs,05/18
AD05E7D0-B26E-BC27-9BBE-ED40-CB968301B9DF,The first rule of Fight Club is: You do not talk about Fight Club,Tyler Durden (Brad Pitt) in Fight Club,05/19
2AF3E599-96B9-82D3-4440-992A-3DCF525FF9B0,Just keep swimming.,Dory (Ellen DeGeneres) in Finding Nemo,05/20
805B16CF-6CA2-CEB3-FF8A-B8F0-97466DBE1EDE,It’s alive! It’s alive!,Henry Frankenstein (Colin Clive) in Frankenstein,05/21
2981F53D-D2EA-3CBC-E707-20B6-2F0DB6B70A46,Are you not entertained?,Maximus Decimus Meridius (Russell Crowe) in Gladiator,05/22
30C61963-2B0D-65AD-CBAC-0648-4C94E167415B,Life moves pretty fast,Ferris Bueller (Matthew Broderick) in Ferris Bueller’s Day Off,05/23
EB6166D1-9796-161C-BA4C-F7FE-90C805CD720A,Appearances often are deceiving.,Aesop,05/24
606EE6FE-7C3F-4CA8-9213-14E2-8D7490419D0F,All you have to do is write one true sentence,Ernest Hemingway,05/25
E2087473-7FDE-F508-7EB8-8D9C-5AF5E6103D36,"Show me a hero, and I’ll write you a tragedy.",F. Scott Fitzgerald,05/26
36516C23-F13E-22E9-1CE0-9271-48C63343E1ED,"Good friends, good books and a sleepy conscience: this is the ideal life.",Mark Twain,05/27
70FC1D06-9F36-4388-66D3-FB61-112604B9B61D,Books are a uniquely portable magic.,"Stephen King, On Writing: A Memoir of the Craft",05/28
B294527C-885B-862D-8773-1725-74D50BC5EAC2,"It is a curious thought, but it is only when you see people looking ridiculous, that you realize just how much you love them!","Agatha Christie, Agatha Christie: An Autobiography",05/29
374D972D-8469-9D7E-0322-0619-CF6D9CAEF77C,"Everyone thinks of changing the world, but no one thinks of changing himself.",Leo Tolstoy,05/30
37422721-1137-9F05-3F91-69EB-64F0C9F169AD,How wonderful it is that nobody need wait a single moment before starting to improve the world.,Anne Frank,05/31
E6739341-EB32-F430-16C1-4E63-DC6F2E4DE68C,Music expresses that which cannot be put into words and that which cannot remain silent.,Victor Hugo,06/01
67743C01-30AF-C531-1369-D644-95B7047C1659,The best way to treat obstacles is to use them as stepping-stones.,Enid Blyton,06/02
E4AA3D58-0366-40EC-0B9F-206A-361030BDB2C0,"Lock up your libraries if you like; but there is no gate, no lock, no bolt that you can set upon the freedom of my mind.",Virginia Woolf,06/03
6E003F8F-B636-C197-0415-45E8-B376BE30E4F3,"I may not have gone where I intended to go, but I think I have ended up where I needed to be.","Douglas Adams, The Long Dark Tea-Time of the Soul",06/04
778C17E8-CD96-0086-708C-68F5-6C1B26AA7AD5,"When we take people merely as they are, we make them worse; when we treat them as if they were what they should be, we help them become what they can be.",Johann Wolfgang von Goethe,06/05
849C0347-1023-BE32-85E2-F61C-861A3AF623EB,"The person, be it gentleman or lady, who has not pleasure in a good novel, must be intolerably stupid.","Jane Austen, Northanger Abbey",06/06
AB50D240-3597-B8BA-59E8-AB93-43DE96E8BC46,"You think your pain and your heartbreak are unprecedented in the history of the world, but then you read",James Baldwin,06/07
25464D21-F5E3-5488-2DFB-EB16-D9BDE0478528,"If you want to know what a man’s like, take a good look at how he treats his inferiors, not his equals.","J. K. Rowling, Harry Potter and the Goblet of Fire",06/08
E0C935DC-3CA5-82B3-1CD2-B5D9-5F7C9118AD69,Twenty years from now you will be more disappointed by the things that you didn’t do than by the ones you did do,"H. Jackson Brown Jr., P.S. I Love You",06/09
61046BBE-7AE3-254C-C6B3-EE45-1F8CA6BA836A,It is never too late to be wise.,"Daniel Defoe, Robinson Crusoe",06/10
B2350EE1-B5C7-A8A9-6B42-26A6-2C29D974DE83,Men go to far greater lengths to avoid what they fear than to obtain what they desire.,"Dan Brown, The Da Vinci Code",06/11
9BBA10CB-1B32-CA75-5160-55E7-EF33169B6801,"I am not proud, but I am happy; and happiness blinds, I think, more than pride.","Alexandre Dumas, The Count of Monte Cristo",06/12
F984607B-4905-7733-E350-3665-95C518141B54,"What really knocks me out is a book that, when you’re all done reading it, you wish the author that wrote it was a terrific friend of yours and you could call him up on the phone whenever you felt like it","J.D. Salinger, The Catcher in the Rye",06/13
B3F6EC74-0EB7-7E4B-6570-0B6B-9232F2ACB7C7,It is only with the heart that one can see rightly; what is essential is invisible to the eye.,"Antoine de Saint-Exupéry, The Little Prince",06/14
5C88511F-9D62-1073-225C-7763-37633297722C,"It was the best of times, it was the worst of times.","Charles Dickens, A Tale of Two Cities",06/15
58201E62-97BD-8B18-DD20-9216-735E6FFD7FD3,Perhaps one did not want to be loved so much as to be understood.,"George Orwell, 1984",06/16
6456F39E-4D0B-3E4A-E620-898B-E6478C3576BE,"And, when you want something, all the universe conspires in helping you to achieve it.","Paulo Coelho, The Alchemist",06/17
1A238820-F884-45AD-294D-CF5A-6CF7BEDD1A92,A reader lives a thousand lives before he dies,"George R.R. Martin, A Dance with Dragons",06/18
B9A5CB43-C536-751B-7FD8-6AF3-9FF54AB8DB09,"The truth may be stretched thin, but it never breaks, and it always surfaces above lies, as oil floats on water.","Miguel de Cervantes Saavedra, Don Quixote",06/19
11A97422-4954-9192-B32C-9741-537C0E7D4C5B,"The world breaks everyone, and afterward, many are strong at the broken places.","Ernest Hemingway, A Farewell to Arms",06/20
5F1F6DA5-E2DE-C850-5135-521E-9CADA72F4FE9,"So we beat on, boats against the current, borne back ceaselessly into the past.","F. Scott Fitzgerald, The Great Gatsby",06/21
98294267-D58E-481D-9FE2-6206-AFAB3FCC165C,He’s more myself than I am,"Emily Brontë, Wuthering Heights",06/22
B286CB2B-198D-0F97-6DED-AE9E-01261C087A65,True humility is not thinking less of yourself; it is thinking of yourself less.,"Rick Warren, The Purpose Driven Life",06/23
9AEFAD9A-77BB-085F-70D5-92C9-888261472BFE,It isn’t what you have or who you are or where you are or what you are doing that makes you happy or unhappy,"Dale Carnegie, How to Win Friends and Influence People",06/24
9B28E2D8-69FD-F42C-CB42-9838-8B3161ADAABD,What would you do if you weren’t afraid?,"Spencer Johnson, Who Moved My Cheese?",06/25
20897102-2DE8-17E1-A023-8E57-FC873CCBFC94,"Every one of us is, in the cosmic perspective, precious","Carl Sagan, Cosmos",06/26
DC65A25C-3F9D-481C-FD29-B047-928B720D3ECF,Most people do not listen with the intent to understand; they listen with the intent to reply.,"Stephen R. Covey, The 7 Habits of Highly Effective People",06/27
1C8B7F10-A6E4-96F8-E93A-3339-7FB75D088DF6,The universe doesn’t allow perfection.,"Stephen Hawking, A Brief History of Time",06/28
BAC84CD7-16A7-EAB3-E73A-0F30-A4594584D10F,One way to remember who you are is to remember who your heroes are.,"Walter Isaacson, Steve Jobs",06/29
B9FC0932-708E-A2C9-2EDC-73A4-F6BED29861F2,"Remember, you have been criticizing yourself for years and it hasn’t worked","Louise Hay, You Can Heal Your Life",06/30
256B943C-ECD0-E8C6-21EB-4775-63A2C0F6ECEF,"Acceptance means no complaining, and happiness means no complaining about the things over which you can do nothing.","Wayne Dyer, Your Erroneous Zones",07/01
5E75DBCC-728D-7857-F999-F695-361F0668771E,"When you have eliminated all which is impossible, then whatever remains, however improbable, must be the truth.",Sherlock Holmes (Arthur Conan Doyle),07/02
74A0F395-5CCE-921A-48C8-F948-7E7576A46D30,"Shaken, not stirred.",James Bond (Ian Fleming),07/03
E89AC59D-29E6-8966-D07B-3EBC-BE56141DB390,I am your father.,"Darth Vader (Star Wars, George Lucas)",07/04
58F78DCB-CF88-3E5E-BFAE-1087-820C7E956112,"Of course it is happening inside your head, Harry, but why on earth should that mean that it is not real?","Albus Dumbledore (Harry Potter, J. K. Rowling)",07/05
72989484-4A9D-5990-2870-5120-E6D12446E1F6,"It’s not who I am underneath, but what I do, that defines me.","Bruce Wayne (Batman, Bob Kane & Bill Finger)",07/06
280E7ACC-5204-7315-5A2B-21FC-CBF6EA82AFBF,All we have to decide is what to do with the time that is given us.,"Gandalf (The Lord of the Rings, J. R. R. Tolkien)",07/07
07618F87-37A4-5A91-E01B-C971-35C01900DC65,"You, me, or nobody is gonna hit as hard as life",Rocky Balboa (Sylvester Stallone),07/08
DF94E5C8-68C6-85D2-B07E-6060-EAA3F6EC7012,"Fire is catching! And if we burn, you burn with us!","Katniss Everdeen (The Hunger Games, Suzanne Collins)",07/09
A4AB0905-2E7B-231D-273C-75A4-B9B00B1913EA,"What’s up, Doc?","Bugs Bunny (Looney Tunes, Tex Avery)",07/10
4E553326-E334-A24F-44C5-B145-45E46E58D2F3,Leave nothing for tomorrow which can be done today.,Abraham Lincoln,07/11
0CFA1A1D-FCA5-F3AD-138A-5393-6EDD93B89726,The only thing we have to fear is fear itself.,Franklin D. Roosevelt,07/12
273D7EFE-FA3D-3330-ED82-1C61-F47BD0827402,"To improve is to change, so to be perfect is to have changed often.",Winston Churchill,07/13
3B488428-E8AA-6A7C-EC9A-5068-1C30527275B3,"We hold these truths to be self-evident, that all men are created equal, that they are endowed by their Creator with certain unalienable Rights, that among these are Life, Liberty and the pursuit of Happiness.",Thomas Jefferson,07/14
77EC3AE3-7CBB-886F-53B1-576D-A995A2D3F4D1,"I learned that courage was not the absence of fear, but the triumph over it",Nelson Mandela,07/15
6A8C3F6D-3CF4-37F2-92B4-1099-A1522C6A4942,Preventive war is like committing suicide for fear of death.,Otto von Bismarck,07/16
E47175E3-724B-C090-25C4-9352-DA0AD8EE20E3,"Change will not come if we wait for some other person, or if we wait for some other time",Barack Obama,07/17
9FD005DC-ECE5-B2EA-CC1F-3568-3090675E15E3,"There are three things extremely hard: steel, a diamond, and to know one’s self.",Benjamin Franklin,07/18
5F33BBC3-4DF9-ACA1-0BB1-C89D-832B951DA51F,For the past two weeks you have been reading about a bad break,"Lou Gehrig, Farewell to Baseball, 1939",07/19
69BA7B3B-B69C-02C9-527D-9B81-8BC11CC4FD19,People don’t buy what you do; they buy why you do it and what you do simply proves what you believe,"Simon Sinek, How Great Leaders Inspire Action, 2009",07/20
48A587A0-FDD6-CA6B-F6BE-7337-49196EEE5D86,Failure meant a stripping away of the inessential,"J. K. Rowling, Harvard Commencement Address, 2008",07/21
05873497-69B3-46D1-AE86-3742-D7E6AD82444C,This is all wrong,"Greta Thunberg, How Dare You, 2019",07/22
A0EC59B6-C10E-28D1-59AD-2C07-63C4FBFA53E4,The brick walls are there for a reason,"Randy Pausch, The Last Lecture, 2007",07/23
B5D30990-F3AC-3891-7A00-63C1-38CB48AE7E57,"Look at me! Look at my arm! I have ploughed and planted, and gathered into barns, and no man could head me! And ain’t I a woman? I could work as much and eat as much as a man – when I could get it – and bear the lash as well! And ain’t I a woman? I could work as much and eat as much as a man – when I could get it – and bear the lash as well! And ain’t I a woman?","Sojourner Truth, Ain’t I A Woman?, 1851",07/24
DA898F24-E53D-07FE-F757-EBAE-8162F2C3B74D,You can’t connect the dots looking forward; you can only connect them looking backward,Steve Jobs,07/25
03F628F5-C564-6B04-7F03-D4F0-BDF68903EBFE,Success is a lousy teacher,Bill Gates,07/26
AB6B600E-4729-7569-7939-B166-26D81157EB61,I do not think that there is any other quality so essential to success of any kind as the quality of perseverance,John D. Rockefeller,07/27
66BB4647-84C4-D24D-73AE-41CD-05134CC76CCC,"Whether you believe you can do a thing or not, you are right.",Henry Ford,07/28
6E36AF94-5655-D42F-40CD-CF9F-7B98E41AFBFC,The first thing is character […] before money or anything else,J. P. Morgan,07/29
E6EC067D-B0B7-AA5A-542D-5626-B2D29AC3C235,There is only one boss: the customer,Sam Walton,07/30
74518BAB-98B8-94EE-84D3-78F3-6DD1259C446A,"I was an overnight success all right, but thirty years is a long, long night.",Ray Kroc,07/31
89806C2B-0995-EBCA-CB25-B149-88D19474EBE9,"Before you are a leader, success is all about growing yourself",Jack Welch,08/01
FC35DB19-B473-908C-57C9-8748-805D0BE7017C,Someone’s sitting in the shade today because someone planted a tree a long time ago.,Warren Buffett,08/02
5F16DF79-298F-4BDF-1512-853F-0CAEE170B42A,"Today is difficult, tomorrow is much more difficult, but the day after tomorrow is beautiful.",Jack Ma,08/03
A8F466FE-4E02-B8CF-D262-AACF-B67F292FFE38,"The biggest risk is not taking any risk… In a world that changing really quickly, the only strategy that is guaranteed to fail is not taking risks.",Mark Zuckerberg,08/04
473108FC-718E-9940-6D5B-52DB-F87A5BFB265D,"When something is important enough, you do it even if the odds are not in your favor.",Elon Musk,08/05
9EFD4558-901E-285D-6673-EE0F-2002F69408F0,"When you have something that you know is true, even over the long term, you can afford to put a lot of energy into it.",Jeff Bezos,08/06
3AEB7AA9-ACCE-819A-6675-3092-2B43B9EBF693,You don’t learn to walk by following rules,Richard Branson,08/07
0FA443C3-E15F-36C1-1A8E-3C35-8BE5CD6A88B7,Never make a big decision without sleeping on it.,Martha Stewart,08/08
1256653E-1503-822C-338C-F3A0-47C7C9F8890A,"We think, mistakenly, that success is the result of the amount of time we put in at work, instead of the quality of time we put in.",Arianna Huffington,08/09
B80F2BA5-3C69-E6FC-3AC8-224F-7466060BCE50,"‘Listen to me,’ my mother replied",Indra Nooyi,08/10
D4491A32-1A0A-BEC2-32D3-E3FB-848D6FC7DECB,My dad would actually encourage me to fail growing up,Sara Blakely,08/11
C0E547C8-DCF6-0EC7-805B-AC62-AADF2811B404,Turn your wounds into wisdom,Oprah Winfrey,08/12
11D7D834-8355-C461-DD2F-FCFB-6B0259307BAC,Just do it.,Nike,08/13
156D6E77-62F5-6D76-6CCA-3E4E-CE6DAD03AC33,Think different.,Apple,08/14
180F08C1-4FEE-A775-C9E1-8336-0F649B460B25,A diamond is forever.,De Beers,08/15
2A3B0D75-C556-7F15-730B-2552-276AA33F71F2,The happiest place on earth.,Disneyland,08/16
C19EEFD2-567C-34B8-9CD2-9C8D-E6C0BC41F4B2,I’m lovin’ it.,McDonald’s,08/17
F6C705DF-02A9-E1A0-D901-A011-B8FBD2237B0D,All the news that’s fit to print.,The New York Times,08/18
CA9EB03A-4452-7E16-36B3-315F-A09C0B115405,There are some things money can’t buy,Mastercard,08/19
2791F2D3-E934-B022-F6B4-70D3-5FCF503E49EF,It’s finger lickin’ good.,Kentucky Fried Chicken,08/20
4F53A45E-5488-80F7-1441-B386-0B0438989029,Sheer driving pleasure.,BMW,08/21
DFC3A608-6507-2BE0-B75F-0807-611EB54CCCC2,Because you’re worth it.,L’Oréal Paris,08/22
CDA9F0C0-6D63-B29B-BFED-EAB8-8A5B03465C1F,Have a break…have a KitKat.,KitKat,08/23
79047B43-1C5C-17B7-457F-462E-09D9DBD69D91,Red Bull gives you wings.,RedBull,08/24
A4637B65-2BF1-CDB9-EF10-45D9-60091EED32C3,Taste the rainbow.,Skittles,08/25
55035524-5F14-3DA3-BA09-8FDB-C4B2A6FB9EA7,Vorsprung durch Technik.,Audi (Advancement through technology.),08/26
5E313680-5C8F-A17C-B8C7-4B6E-C57FC83A445D,Belong anywhere.,AirBnB,08/27
9A159857-459F-76DA-85E3-CBF9-45B055BEBBB4,"That’s one small step for man, one giant leap for mankind.",Neil Armstrong,08/28
6251326F-703E-83EE-4FAC-4CDC-052CBFC0C0D4,"I should not proceed by land to the East, as is customary, but by a Westerly route, in which direction we have hitherto no certain evidence that any one has gone.",Christopher Columbus,08/29
C4913224-0D9A-AD9E-A1E6-F519-0226BCC8239A,"If a man will begin with certainties, he shall end in doubts; but if he will be content to begin with doubts he shall end in certainties.",Sir Francis Bacon,08/30
9710EAED-1DBD-001B-05B7-4B5A-0C65C8297472,I am a lucky man,Edmund Hillary,08/31
043DF97C-B6C4-80CF-3604-25DB-0BCF515DA270,A tourist follows a trail; a mountaineer finds one,Reinhold Messner,09/01
57D30EEA-9A8C-126E-901C-8523-6F0EFC9E0B5C,I was disposed to see some part of the world and its wonders.,Amerigo Vespucci,09/02
0AC4D66F-B4F3-BAE1-743E-3A15-A716388B25AD,The most difficult thing is the decision to act,Amelia Earhart,09/03
8D665E70-D24E-D8E8-B9C2-992E-9B9D348DDB8B,I have not told half of what I saw.,Marco Polo,09/04
8A8DD41B-5132-CEC8-464B-27A4-BD00752C0C0C,"I [had] ambition not only to go farther than any one had been before, but as far as it was possible for man to go.",James Cook,09/05
0EB7F1C0-CB31-50CA-91AA-DEF9-8BE9AD857C27,"There must be a beginning of any great matter, but the continuing unto the end until it be thoroughly finished yields the true glory.",Sir Francis Drake,09/06
DCA6540F-1E8A-FAC9-0832-547E-1909C7781720,I always have a comfortable feeling that nothing is impossible if one applies a certain amount of energy in the right direction.,Nellie Bly,09/07
C76338F2-FCEF-B1F7-6C80-C61A-D66659D97D70,The air is only the place free from prejudice.,Bessie Coleman,09/08
1C72D21B-775A-D23B-2F47-6359-41013AB1B632,I have found a dream of beauty at which one might look all one’s life and sigh.,Isabella Bird,09/09
014B0928-A2B1-8A50-E605-E40F-CD0ED931C42F,"It is not the mountain we conquer, but ourselves.",George Mallory,09/10
6DCB38A4-9B75-5CB7-0063-E4BD-31E2D1E93ACA,I’ve missed more than 9000 shots in my career,Michael Jordan,09/11
F8C8DFAB-59D9-3F43-4710-FA95-46C4570FC6BA,I’m gonna float like a butterfly and sting like a bee,Muhammad Ali,09/12
E56C4A1E-AFC3-0B35-8866-4ABF-2F626E013491,"The greatest thing about tomorrow is, I will be better than I am today",Tiger Woods,09/13
E1704712-5569-431E-038E-FE35-F3FA6408005C,"If you put a limit on anything, you put a limit on how far you can go",Michael Phelps,09/14
8E5852F5-983B-9003-17C0-520D-6078209B5D68,"The more difficult a victory, the greater the happiness in winning.",Pelé,09/15
F70AF8A1-44A5-D448-17A0-17FA-15771851CA89,I really think a champion is defined not by their wins but by how they can recover when they fall.,Serena Williams,09/16
207FB8F3-E924-A283-C183-0AD5-5B09D51F50C3,I was never content unless I was trying my skill in some game against my fellow playmates or testing my endurance and wits against some member of the animal kingdom.,Jim Thorpe,09/17
DDC9D057-87D7-BCAF-CE4C-BB35-DBDA7A711A9E,Do not give up,Junko Tabei,09/18
36540CAF-C969-5271-88BA-71DB-71DDBC342D16,My only secret is that I never quit doing it.,Tony Hawk,09/19
AFCE40CD-D106-C144-3D71-8249-680AE49144BE,I had just seen what I wanted to be,Billie Jean King,09/20
39A8F2F7-8555-6D5C-84F2-784D-832D7E145022,You just can’t beat the person who never gives up.,Babe Ruth,09/21
96E9E88B-DC6B-2EB9-F394-2A24-C596C5176F6C,Empty your mind,Bruce Lee,09/22
8A7DF80C-3CD8-F1CB-9086-FF36-E28D9FEA0647,"Your love makes me strong, your hate makes me unstoppable.",Cristiano Ronaldo,09/23
7F7CB76D-7EFE-A5DF-FF3D-9D6A-24EC8847D0E5,Focus on what you know you can do,Mia Hamm,09/24
7307C592-2340-493C-4A1E-4AAF-E5EFE6F2BA12,I’ve always been aware that the image you patiently construct for an entire career can be ruined in a minute.,Roger Federer,09/25
95A36175-3CDC-B1FD-C1CB-1396-A9F1A0E7DEBB,"This feeling of ‘when I’m ready,’ deep in your heart you know it, and all the rest of it is just making excuses.",Laura Dekker,09/26
E4325F39-5656-1D44-7CD9-0C8F-8B24F438AF83,The magic you’re looking for is in the will of trying and not giving up,Tom Brady,09/27
95AE3D79-247C-EA90-3561-36D8-C2C7C7C0DAF6,"When I am in the moment, on the course, I’m not thinking about what this race means",Lindsey Vonn,09/28
2086B78B-F28B-3771-0FD4-DCB3-F9569F6FC72A,It doesn’t hurt to lose my crown,Steffi Graf,09/29
09FBFCEE-8329-90E3-F091-E1F2-B011F15C6C72,You have to set yourself goals so you can push yourself harder,Usain Bolt,09/30
0A9DF358-8419-7CA1-4C05-3902-104D4C3F3AB2,"I had so much fun, and it didn’t matter to me if I won or lost",Florence Griffith Joyner,10/01
39144D36-DB44-C3F4-BCF6-463B-6083EF4F356D,Pain is temporary,Lance Armstrong,10/02
4F597C66-AB70-545F-2711-2E2C-BAF2D86E193A,You can’t control what people say about you and what they think about you,Maria Sharapova,10/03
1EC02AD6-49E9-15FE-581E-3A64-AA727115D599,"If you tell the truth, you don’t have to remember anything.",Anonymous,10/04
AB39454D-AE7A-21C5-7D0C-E425-FBB305B91046,Success is going from failure to failure without losing your enthusiasm.,Anonymous,10/05
755DD13C-5AF6-59CF-2653-980E-ADCDDA8475F4,Give me six hours to chop down a tree and I will spend the first four sharpening the axe.,Anonymous,10/06
02141A05-CFA1-B64C-9AFF-C81E-0EEBF06B6303,Success is not final; failure is not fatal,Anonymous,10/07
9DB78E7F-CE63-1722-10FD-41D5-77EEDE4A802F,The only man who never makes a mistake is the man who never does anything.,Anonymous,10/08
9B59BD57-F1F7-9E55-8EA3-5716-995CC8D23CD6,The man who does not read has no advantage over the man who cannot read.,Anonymous,10/09
B974A8DE-BF74-86A9-0254-6D9D-75F92E57227D,There are only two ways to live your life,Anonymous,10/10
D3261F37-ACB7-7DCA-98D0-2469-7668356A16A2,"Appear weak when you are strong, and strong when you are weak.",Anonymous,10/11
2B7ACD08-DC4D-B6D0-4C3B-953D-CFE5CB5B3AD8,"If you fail to prepare, you are preparing to fail.",Anonymous,10/12
6B4EC575-CE9E-D2E5-E6C0-CB53-858B692B76A9,"The music is not in the notes, but in the silence between.",Anonymous,10/13
F3AD46CB-F0C1-3E4C-92C7-0AC4-174ECD5364B2,Joy is not in things; it is in us.,Anonymous,10/14
06BCFE8F-0371-0A18-E84D-D577-7AD9A96800A2,I think everything in life is art,Anonymous,10/15
095938D4-8178-1081-90CA-6BA5-E4AB62684F44,"If you obey all of the rules, you miss all of the fun.",Anonymous,10/16
E9C16CDB-85CF-54E6-4815-E2B7-EB9972F0ADA2,I saw the angel in the marble and carved until I set him free.,Anonymous,10/17
8B81717E-46FB-CCC3-79BE-CF5A-0946B6D1EA52,"Even if I knew that tomorrow the world would go to pieces, I would still plant my apple tree.",Anonymous,10/18
59C927D9-B005-49BD-B9A3-2444-697FD13D41A0,"If you want to go fast, go alone",Anonymous,10/19
E35A0D6C-07FD-2A90-98A2-084E-16F58F7FF550,"Everything has beauty, but not everyone can see it.",Anonymous,10/20
DF83F008-F639-602A-D202-8F48-2DEBAE34535D,Insanity is doing the same thing over and over again and expecting different results.,Narcotics Anonymous,10/21
132FDC9F-61BB-3646-93AC-AFA3-BE49518EB921,Everyone is a genius,Anonymous,10/22
0CD21FF8-959C-D603-390F-CB8A-30B7BD11C9EF,"And in the end, it’s not the years in your life that count",Edward J. Stieglitz,10/23
9B379F03-C55F-843A-06B9-1404-2468CBE60DB0,"You can fool all the people some of the time and some of the people all the time, but you cannot fool all the people all the time.",Jacques Abbadie,10/24
52F31A5B-12AA-06A5-FB1C-6608-3DB7D9538C35,The right to swing your fist ends where my nose begins.,John B. Finch,10/25
578E8EED-B2F6-FA07-6B11-2D61-6E595B0B0384,"Whatever you are, be a good one.",William Makepeace Thackeray,10/26
7FF6887A-4C2B-A8D2-B96B-A9C5-7543E8337C5F,"Do what you can, with what you’ve got, where you are.",Squire Bill Widener,10/27
19833BDC-7801-17AE-3807-4814-AA4C15B6F88D,Most people die when they’re 25 but aren’t buried until they’re 75.,G. E. Marchand,10/28
210974DE-AE4C-071C-AFCA-8FD7-F381699FE1B6,"Not everything that can be counted counts, and not everything that counts can be counted.",William Bruce Cameron,10/29
D3AB1AEE-A582-7FF7-E43F-2884-8816C7062A7A,We are what we repeatedly do,Will Durant,10/30
76225744-24E4-4FCB-371D-D489-81F66470D29E,Simplicity is the ultimate sophistication.,Clare Boothe Luce,10/31
C531C5CB-DE14-3757-D943-358D-3290F6AB11A3,"If I had more time, I would have written a shorter letter.",Blaise Pascal,11/01
162B90CE-E437-0B3F-2DED-8D67-1C34C9275D82,There is no agony like bearing an untold story inside you.,Zora Neale Hurston,11/02
2CA07C32-4BC8-EF6A-33EA-DED3-B75804C2F8B0,"It is better to remain silent at the risk of being thought a fool, than to talk and remove all doubt of it.","Maurice Switzer, Mrs. Goose, Her Book",11/03
88EB3959-1EEB-3901-45D2-0AA3-BAD80DD1FE9D,"Victorious warriers win first and then go to war, while defeated warriors go to war first and then seek to win.",Zhang Yu,11/04
A04CEB1A-F22C-53E7-970D-AC67-BFED07263F96,Life is what happens to you while you’re busy making other plans.,Allen Saunders,11/05
2D8EFA47-5290-E8E5-1458-0575-806C08F47653,"I’ve learned that people will forget what you said, people will forget what you did, but people will never forget how you made them feel.",Carl W. Buehner,11/06
4B7A4FAE-C43E-3A0E-08B3-807F-4810BAE3A230,The world is a book and those who do not travel read only one page.,Louis-Charles Fougeret de Monbron,11/07
78D87B95-6DBB-28B2-68FE-61BA-7587B5F68B9A,"We are saved by faith alone, but the faith that saves is never alone.",John Calvin,11/08
4E439666-D554-27E5-595C-F517-747441F90523,"Stay hungry, stay foolish.",Whole Earth Catalog,11/09
7524CB7D-4903-23E5-27F4-D250-AE880370E0B1,Well-behaved women rarely make history.,Laurel Thatcher Ulrich,11/10
286C1032-D221-0B84-8DD6-AA88-12ED819DE7B8,The ends justify the means.,Ovid,11/11
B9E9E794-F778-0533-2DE6-7800-E42B68D48359,Actions speak louder than words.,John Pym,11/12
D39C3379-BA07-6EEF-D9BB-1925-F5C2BE390004,Ignorance is bliss.,Thomas Gray,11/13
80393695-2B19-707C-62A9-2ED3-EA16FB9551C2,The grass is always greener on the other side of the fence.,T. A. Borman,11/14
515911A7-BDEC-C960-0BE4-DBE7-CC07DEF5B36C,Practice makes perfect.,John Adams,11/15
4D301DF9-3248-09C0-0641-897E-B664DDF8847A,A picture is worth a thousand words.,Arthur Brisbane,11/16
567FCE9E-8F18-1148-B2D0-6FFB-F9CFD30D27A3,The apple doesn’t fall far from the tree.,German Proverb,11/17
04090645-9953-C030-D3E0-6D93-6283F83A3371,"If you chase two rabbits, you will not catch either one.",Latin Proverb,11/18
170D6588-ACBD-1DF9-2498-FBE9-5655F5E81CA1,"If you want a thing done well, do it yourself.",Unknown,11/19
CFF651EF-D30C-A5BD-9C33-A7EA-2DE01A09B106,History is written by the winners.,Unknown,11/20
662E02DC-A7DD-51DA-D98C-29E2-4F7C0D521970,Clothes make the man.,Ancient Proverb,11/21
A54024DF-3BCB-F686-2454-7720-3E5C0C7A97F1,Rome wasn’t built in a day.,Medieval French Proverb,11/22
8D865D7A-CEFB-3D04-1121-EE36-8911547C0E07,Honesty is the best policy.,Sir Edwin Sandys,11/23
3F7A0E39-7699-4CE6-C6BD-6B49-503AB93098E3,Still waters run deep.,Quintus Curtius Rufus,11/24
FACC6753-C3E2-917D-78F0-225F-85A55A0F5B16,That’s just the tip of the iceberg.,Unknown,11/25
D8D948D5-60B4-F5C0-EDF7-5122-60D8E28D32EF,Don’t make a mountain out of a molehill.,Nicholas Udall,11/26
9E0331CE-4FB3-23B6-D610-28F3-B5F85450D783,"When in Rome, do as the Romans do.",Saint Ambrose of Milan,11/27
9CB56370-22D2-6B18-F3F7-2FDE-46FE8DA9B982,Those who live in glass houses should not throw stones.,Geoffrey Chaucer,11/28
99C7D216-CECD-BEF6-F53A-B25E-7D00FB39E4DD,Absence makes the heart grow fonder.,Miss Stickland,11/29
632B6781-A687-4D0F-A4EE-CC6E-F5F0449A4049,Don’t judge a book by its cover.,George Eliot,11/30
591F820D-0700-A581-CB61-86FB-B0813465C36F,An apple a day keeps the doctor away.,Welsh Proverb,12/01
1EC576EB-0967-8534-DAA1-4E64-483999C316A2,Don’t bite the hand that feeds you.,Joseph Addison,12/02
F7BFB69E-32F3-2732-1419-CFC1-28941FE932DC,Don’t cry over spilled milk.,James Howell,12/03
0F0FA486-F135-0E0A-1E80-7FEB-5E4F0A0F9F5F,You cannot make an omelette without breaking some eggs.,François de Charette,12/04
081021FC-EF8A-DB31-7B84-7190-FFB3368B9F09,Nothing is certain except death and taxes.,Christopher Bullock,12/05
A2BF2D2A-0F60-B199-9C41-BD3E-C580B9A71F13,Blood is thicker than water.,William Jenkyn,12/06
768F6467-3103-05DF-7E9D-817A-9A9E2D0B8DA3,Better late than never.,Livy,12/07
0DA3BD93-9864-F811-51BB-0C1A-5779DABE1149,Beauty is in the eye of the beholder.,Margaret Wolfe Hungerford,12/08
5B47FBBC-C6AB-1520-5402-456C-898927BA8126,"Out of sight, out of mind.",Homer,12/09
E594F0DE-9F9D-1433-DCBD-576B-600B264725CC,The early bird catches the worm.,William Camden,12/10
76C803BA-7315-7BAF-B8B2-0ADE-E80A265C5B9B,"Where there’s a will, there’s a way.",George Herbert,12/11
5571FF35-0704-D35E-04E5-E97E-58BB6CAFD6DB,Two things are infinite: the universe and human stupidity; and I’m not sure about the universe.,Albert Einstein,12/12
A7657748-E515-BE5D-A132-7733-AE454C412177,Be yourself; everyone else is already taken.,Anonymous,12/13
C6CDE103-8E8C-121F-5B1E-0F62-0C2F07EF22C2,"I’m selfish, impatient and a little insecure. I make mistakes, I am out of control and at times hard to handle",Anonymous,12/14
78B3FE1D-274A-DAE5-BAD6-5C08-F19DE5DF8F50,Fortes Fortuna adiuvat,Fortune favors the bold.,12/15
F17AF407-8A17-A783-A3BC-8518-DEEEEBDFE797,"So many books, so little time.",J. J. Wright,12/16
4A788EDD-C5F3-A314-F80C-B306-587148F9F59F,Do unto others as you would have them do unto you.,Jesus Christ,12/17
DB553BA7-73A0-FE46-FD09-3223-B369D623CB3C,"Veni, vidi, vici. I came, I saw, I conquered.",Julius Caesar,12/18
BE612F9F-CEF2-2D28-76B3-2363-EAE639E59F87,Cogito ergo sum. I think; therefore I am.,René Descartes,12/19
518C455B-8F68-4488-FF34-F504-72713F66B434,Knowledge is power.,Sir Francis Bacon,12/20
CAF367DB-4848-1DC2-2C16-8745-B36FB89CB8FA,I know that I know nothing.,Socrates,12/21
7259ECC6-48AE-A3EE-389B-A1D4-01A95F354384,With great power comes great responsibility.,Stan Lee,12/22
03B5AB03-0B56-66E5-A1D8-F403-A4A1355559E0,You miss 100% of the shots you don’t take.,Wayne Gretzky,12/23
E2ED0C9C-D4F4-F96D-559C-335B-0A5FE1B3BFFA,"To be, or not to be: that is the question.",William Shakespeare,12/24
6E609146-327D-ABA5-8DDD-FC44-4967E11FA630,With great power comes great responsibility.,Stan Lee,12/25
8E3FAE80-C0CE-DEBD-25FB-1EEF-314D3C510353,You miss 100% of the shots you don’t take.,Wayne Gretzky,12/26
36965C41-9B0F-3B52-1C8D-AE0E-5E01E5E4D409,Fortes Fortuna adiuvat,Fortune favors the bold.,12/27
0EB2CED4-AD74-4F28-6DBF-EC96-B3D94B33C8FE,Knowledge is power.,Sir Francis Bacon,12/28
00166C00-EE6B-A6A5-8D55-4E76-263B732FB5E3,Be yourself; everyone else is already taken.,Anonymous,12/29
ED9CA9EF-22ED-7209-B6DA-9509-0BD3FD046206,"I’m selfish, impatient and a little insecure. I make mistakes, I am out of control and at times hard to handle",Anonymous,12/30
E9FFBD74-D907-49EB-CC8B-45E9-1593896AFFC7,Two things are infinite: the universe and human stupidity; and I’m not sure about the universe.,Albert Einstein,12/31